clusters	baseline_props	mean_props_Fetal	mean_props_Young	mean_props_Adult	f_statistics	p_values	adjusted_p_values
Cardiomyocytes	0.5494643516808275	0.6824103809707408	0.426761446988159	0.2735465851980815	6.555778453476282	0.020908580415042954	0.05575621444011455
Endothelial cells	0.10160694495751754	0.10210820746970849	0.09247780943978734	0.12453841826078937	0.9423036823082419	0.4294224176640775	0.5218197507815122
Epicardial cells	0.06416697451052826	0.051414853127636544	0.07541027996257887	0.09315770887526635	0.8669420080162394	0.4565922819338232	0.5218197507815122
Erythroid	0.002271887698559291	0.004433043607973849	0.0	0.0	41.64067498609683	6.267618995914326e-05	0.0005014095196731461
Fibroblast	0.18210195788695974	0.11134223311689957	0.26192406013671876	0.2986893288564422	4.822621284074759	0.042665988988921266	0.08533197797784253
Immune cells	0.07630217953454008	0.027545962678434555	0.10875123549292956	0.18958782772606828	9.178228666703648	0.00865739605285376	0.03462958421141504
Neurons	0.016143332101957886	0.012643346474096425	0.026209768298310895	0.011380837067613362	2.2409402761801736	0.16932736784170122	0.27092378854672194
Smooth muscle cells	0.007942371629109716	0.008101972554509904	0.008465399681515861	0.009099294015739195	0.08254912343077636	0.9215478513345684	0.9215478513345684
