	BaselineProp	PropMean.adult	PropMean.fetal	PropMean.young	Fstatistic	P.Value	FDR
Erythroid	0.002271887698559291	-0.0	0.004433043607973849	-0.0	46.59199807735339	5.825756577236202e-21	4.6606052617889615e-20
Immune cells	0.07630217953454008	0.18958782772606828	0.02754596267843456	0.10875123549292953	11.575092874501362	9.39725554607512e-06	3.758902218430048e-05
Cardiomyocytes	0.5494643516808275	0.27354658519808145	0.6824103809707409	0.42676144698815893	9.068229461984767	0.00011527044878923996	0.0003073878634379732
Fibroblast	0.18210195788695974	0.29868932885644217	0.11134223311689957	0.26192406013671876	4.630793795306271	0.009747018892831078	0.019494037785662156
Neurons	0.016143332101957886	0.01138083706761336	0.012643346474096425	0.026209768298310895	1.5192451652544867	0.21887704060776014	0.3502032649724163
Epicardial cells	0.06416697451052826	0.09315770887526635	0.051414853127636544	0.07541027996257886	0.9097870630238922	0.4026099454510176	0.5368132606013567
Smooth muscle cells	0.007942371629109716	0.009099294015739195	0.008101972554509906	0.008465399681515861	0.4216917837046923	0.6559361784594476	0.711703967977442
Endothelial cells	0.10160694495751754	0.12453841826078935	0.10210820746970851	0.09247780943978733	0.3400932293412637	0.711703967977442	0.711703967977442
