clusters	baseline_props	mean_props_adult	mean_props_fetal	mean_props_young	f_statistics	p_values	adjusted_p_values
Cardiomyocytes	0.5494643516808275	0.27354658519808145	0.6824103809707409	0.426761446988159	8.998537308375383	0.0001235904466534432	0.0003295745244091819
Endothelial cells	0.10160694495751754	0.12453841826078937	0.10210820746970851	0.09247780943978735	0.33755119331770234	0.7135154465485709	0.7135154465485709
Epicardial cells	0.06416697451052826	0.09315770887526634	0.05141485312763655	0.07541027996257887	0.9010162832369925	0.406156679698627	0.5415422395981694
Erythroid	0.002271887698559291	0.0	0.0044330436079738494	0.0	197.94746080895254	0.0	0.0
Fibroblast	0.18210195788695974	0.29868932885644217	0.11134223311689959	0.26192406013671876	4.60249574180137	0.010026780237029409	0.020053560474058818
Immune cells	0.07630217953454008	0.18958782772606822	0.02754596267843456	0.10875123549292955	11.50864930908771	1.004285311678732e-05	4.017141246714928e-05
Neurons	0.016143332101957886	0.01138083706761336	0.012643346474096425	0.026209768298310898	1.5458155570713452	0.21313797413907443	0.34102075862251907
Smooth muscle cells	0.007942371629109716	0.009099294015739194	0.008101972554509906	0.008465399681515863	0.40382808523657304	0.6677589090166618	0.7135154465485709
