clusters	baseline_props	mean_props_adult	mean_props_fetal	mean_props_young	p_values
Cardiomyocytes	0.5494643516808275	0.29849234420730997	0.6920508610064693	0.45458795097432425	0.00044905012897341245
Endothelial cells	0.10160694495751754	0.12783500872859793	0.09245124852988731	0.08446832872228913	0.319757319518564
Epicardial cells	0.06416697451052826	0.09322929166885173	0.04659123745920696	0.06307671733832368	0.2601897890061384
Erythroid	0.002271887698559291	0.0	0.0031821658497576824	0.0	0.0014904758766055202
Fibroblast	0.18210195788695974	0.29156607869227513	0.10418806786247585	0.2411025443116337	0.03533271073474316
Immune cells	0.07630217953454008	0.15695206262171646	0.023386203064596482	0.10550627517088021	0.0024229050704120516
Neurons	0.016143332101957886	0.010056985333418783	0.011428591671944545	0.02136901877387532	0.4278869114224726
Smooth muscle cells	0.007942371629109716	0.007610346030838964	0.005827288737540149	0.006132213263738289	0.504887501482107
