clusters	baseline_props	mean_props_Fetal	mean_props_Young	mean_props_Adult	f_statistics	p_values	adjusted_p_values
Cardiomyocytes	0.5494643516808275	0.6824103809707408	0.426761446988159	0.2735465851980815	8.998537308375385	0.00012359041299925266	0.0003295744346646738
Endothelial cells	0.10160694495751754	0.10210820746970849	0.09247780943978734	0.12453841826078937	0.33755119331770256	0.7135154465567007	0.7135154465567007
Epicardial cells	0.06416697451052826	0.051414853127636544	0.07541027996257887	0.09315770887526635	0.9010162832369943	0.40615667973159963	0.5415422396421329
Erythroid	0.002271887698559291	0.004433043607973849	0.0	0.0	197.94746080895283	1.1102230246251565e-16	8.881784197001252e-16
Fibroblast	0.18210195788695974	0.11134223311689957	0.26192406013671876	0.2986893288564422	4.602495741801375	0.01002677932773044	0.02005355865546088
Immune cells	0.07630217953454008	0.027545962678434555	0.10875123549292956	0.18958782772606828	11.50864930908773	1.004285586481135e-05	4.01714234592454e-05
Neurons	0.016143332101957886	0.012643346474096425	0.026209768298310895	0.011380837067613362	1.5458155570713448	0.21313792205342263	0.3410206752854762
Smooth muscle cells	0.007942371629109716	0.008101972554509904	0.008465399681515861	0.009099294015739195	0.4038280852365731	0.6677589090275515	0.7135154465567007
