clusters	baseline_props	mean_props_Fetal	mean_props_Young	mean_props_Adult	f_statistics	p_values	adjusted_p_values
Cardiomyocytes	0.5494643516808275	0.6824103809707408	0.426761446988159	0.2735465851980815	6.555778453476282	0.0014218755720896148	0.0037916681922389728
Endothelial cells	0.10160694495751754	0.10210820746970849	0.09247780943978734	0.12453841826078937	0.9423036823082419	0.38972898865123906	0.4802681835417572
Epicardial cells	0.06416697451052826	0.051414853127636544	0.07541027996257887	0.09315770887526635	0.8669420080162394	0.4202346605990376	0.4802681835417572
Erythroid	0.002271887698559291	0.004433043607973849	0.0	0.0	41.64067498609683	0.0	0.0
Fibroblast	0.18210195788695974	0.11134223311689957	0.26192406013671876	0.2986893288564422	4.822621284074759	0.008045669488210283	0.016091338976420566
Immune cells	0.07630217953454008	0.027545962678434555	0.10875123549292956	0.18958782772606828	9.178228666703648	0.00010326328493970305	0.0004130531397588122
Neurons	0.016143332101957886	0.012643346474096425	0.026209768298310895	0.011380837067613362	2.2409402761801736	0.10635845102967045	0.17017352164747274
Smooth muscle cells	0.007942371629109716	0.008101972554509904	0.008465399681515861	0.009099294015739195	0.08254912343077636	0.920766205550871	0.920766205550871
