Celltype	baseline_props	mean_props_adult	mean_props_fetal	mean_props_young	f_statistics	p_values	adjusted_p_values
Cardiomyocytes	0.5494643516808275	0.27354658519808145	0.6824103809707409	0.426761446988159	9.068229461984766	0.00011527044878922865	0.00030738786343794305
Endothelial cells	0.10160694495751754	0.12453841826078937	0.10210820746970851	0.09247780943978735	0.3400932293412623	0.7117039679774431	0.7117039679774431
Epicardial cells	0.06416697451052826	0.09315770887526634	0.05141485312763655	0.07541027996257887	0.909787063023892	0.4026099454510177	0.5368132606013569
Erythroid	0.002271887698559291	0.0	0.0044330436079738494	0.0	46.591998077353395	0.0	0.0
Fibroblast	0.18210195788695974	0.29868932885644217	0.11134223311689959	0.26192406013671876	4.630793795306267	0.009747018892831139	0.019494037785662277
Immune cells	0.07630217953454008	0.18958782772606822	0.02754596267843456	0.10875123549292955	11.575092874501362	9.397255546050864e-06	3.758902218420346e-05
Neurons	0.016143332101957886	0.01138083706761336	0.012643346474096425	0.026209768298310898	1.5192451652544903	0.21887704060775937	0.350203264972415
Smooth muscle cells	0.007942371629109716	0.009099294015739194	0.008101972554509906	0.008465399681515863	0.42169178370469274	0.6559361784594473	0.7117039679774431
