clusters	baseline_props	mean_props_Fetal	mean_props_Young	mean_props_Adult	p_values
Cardiomyocytes	0.5494643516808275	0.6927901606091913	0.4551830901315851	0.2908382508776244	0.003070333967927219
Endothelial cells	0.10160694495751754	0.10038428646508311	0.08295138716325522	0.12983216167421194	0.3477903235356995
Epicardial cells	0.06416697451052826	0.04693618448197824	0.06437593187051552	0.09789768597613688	0.23103621445017064
Erythroid	0.002271887698559291	0.0033528997003330584	0.0	0.0	0.0032673784115879734
Fibroblast	0.18210195788695974	0.09826353084495394	0.235792629487442	0.28961435613622494	0.027306786007250117
Immune cells	0.07630217953454008	0.0232093819162007	0.10447717641227433	0.1522318762590097	0.009749794437420745
Neurons	0.016143332101957886	0.01065947168768401	0.022012697196988715	0.009809750639167912	0.5096205356905286
Smooth muscle cells	0.007942371629109716	0.006050235243081084	0.006347793578964183	0.008040876289424233	0.7108267923957277
