Celltype	baseline_props	mean_props_female	mean_props_male	prop_ratio	t_statistics	p_values	adjusted_p_values
BC	0.09838283431074117	0.10104230292170312	0.09558100904238254	1.05713785545933	0.453545639993038	0.6512475952340006	0.8140594940425007
DC	0.017111802844514766	0.015587182808375911	0.018792829376400477	0.8294218234083406	-1.0525364606797447	0.29537122228102236	0.4922853704683706
MC	0.17141612350307553	0.16882105194501823	0.1710455526307056	0.9869946885407179	-0.06369402591782604	0.949355115488875	0.949355115488875
NK	0.14647932538795352	0.11691359702032439	0.17468436642446045	0.6692848330584973	-2.6373171596688785	0.009844172114240428	0.04922086057120214
TC	0.566609913953715	0.5976358653045782	0.5398962425260511	1.1069457763002326	1.4484200690106732	0.15097464171930697	0.3774366042982674
