	BaselineProp.clusters	BaselineProp.Freq	PropMean.female	PropMean.male	PropRatio	Tstatistic	P.Value	FDR
NK	NK	0.14647932538795352	0.11691359702032438	0.17468436642446042	0.6692848330584974	-2.6373171596688825	0.00984417211424033	0.049220860571201654
TC	TC	0.566609913953715	0.5976358653045782	0.5398962425260508	1.106945776300233	1.4484200690106734	0.15097464171930694	0.37743660429826736
DC	DC	0.017111802844514766	0.015587182808375915	0.018792829376400474	0.8294218234083408	-1.0525364606797418	0.29537122228102364	0.49228537046837273
BC	BC	0.09838283431074117	0.10104230292170312	0.09558100904238251	1.0571378554593305	0.45354563999303793	0.6512475952340007	0.8140594940425008
MC	MC	0.17141612350307553	0.16882105194501826	0.17104555263070556	0.9869946885407183	-0.06369402591783008	0.9493551154888717	0.9493551154888717
