Celltype	baseline_props	mean_props_female	mean_props_male	prop_ratio	t_statistics	p_values	adjusted_p_values
BC	0.09838283431074117	0.10104230292170312	0.09558100904238254	1.05713785545933	0.4535978699350773	0.65121013803382	0.8140126725422749
DC	0.017111802844514766	0.015587182808375911	0.018792829376400477	0.8294218234083406	-1.054916583560215	0.2942871992413807	0.4904786654023012
MC	0.17141612350307553	0.16882105194501823	0.1710455526307056	0.9869946885407179	-0.06359912613434456	0.949430470049435	0.949430470049435
NK	0.14647932538795352	0.11691359702032439	0.17468436642446045	0.6692848330584973	-2.636202726742472	0.009874190427173473	0.04937095213586736
TC	0.566609913953715	0.5976358653045782	0.5398962425260511	1.1069457763002326	1.4476901282442454	0.151178306199288	0.37794576549821995
