clusters	baseline_props	mean_props_Female	mean_props_Male	prop_ratio	t_statistics	p_values	adjusted_p_values
B cells	0.09838283431074117	0.10104230292170312	0.09558100904238254	1.05713785545933	0.3909290671274175	0.6999210019878361	0.8749012524847951
Dendritic cells	0.017111802844514766	0.015587182808375911	0.018792829376400477	0.8294218234083406	-1.1078386675549208	0.28088156341329573	0.46813593902215955
Monocytes	0.17141612350307553	0.16882105194501823	0.1710455526307056	0.9869946885407179	-0.08965037013535873	0.9294434070469877	0.9294434070469877
NK cells	0.14647932538795352	0.11691359702032439	0.17468436642446045	0.6692848330584974	-2.356286597357037	0.028605173842650242	0.1430258692132512
T cells	0.566609913953715	0.5976358653045782	0.5398962425260511	1.1069457763002326	1.5470357551490308	0.13729840712966077	0.34324601782415187
