	rep	norep
logit_4_reps	87.5	23.61111111111111
arcsin_4_reps	87.5	16.666666666666664
logit_8_reps	91.66666666666666	100.0
arcsin_8_reps	91.66666666666666	97.22222222222221
logit_10_reps	97.22222222222221	100.0
arcsin_10_reps	95.83333333333334	100.0
logit_20_reps	95.83333333333334	100.0
arcsin_20_reps	94.44444444444444	100.0
